[{"model": "auth.permission", "pk": 1, "fields": {"name": "Can add log entry", "content_type": 1, "codename": "add_logentry"}}, {"model": "auth.permission", "pk": 2, "fields": {"name": "Can change log entry", "content_type": 1, "codename": "change_logentry"}}, {"model": "auth.permission", "pk": 3, "fields": {"name": "Can delete log entry", "content_type": 1, "codename": "delete_logentry"}}, {"model": "auth.permission", "pk": 4, "fields": {"name": "Can view log entry", "content_type": 1, "codename": "view_logentry"}}, {"model": "auth.permission", "pk": 5, "fields": {"name": "Can add permission", "content_type": 2, "codename": "add_permission"}}, {"model": "auth.permission", "pk": 6, "fields": {"name": "Can change permission", "content_type": 2, "codename": "change_permission"}}, {"model": "auth.permission", "pk": 7, "fields": {"name": "Can delete permission", "content_type": 2, "codename": "delete_permission"}}, {"model": "auth.permission", "pk": 8, "fields": {"name": "Can view permission", "content_type": 2, "codename": "view_permission"}}, {"model": "auth.permission", "pk": 9, "fields": {"name": "Can add group", "content_type": 3, "codename": "add_group"}}, {"model": "auth.permission", "pk": 10, "fields": {"name": "Can change group", "content_type": 3, "codename": "change_group"}}, {"model": "auth.permission", "pk": 11, "fields": {"name": "Can delete group", "content_type": 3, "codename": "delete_group"}}, {"model": "auth.permission", "pk": 12, "fields": {"name": "Can view group", "content_type": 3, "codename": "view_group"}}, {"model": "auth.permission", "pk": 13, "fields": {"name": "Can add user", "content_type": 4, "codename": "add_user"}}, {"model": "auth.permission", "pk": 14, "fields": {"name": "Can change user", "content_type": 4, "codename": "change_user"}}, {"model": "auth.permission", "pk": 15, "fields": {"name": "Can delete user", "content_type": 4, "codename": "delete_user"}}, {"model": "auth.permission", "pk": 16, "fields": {"name": "Can view user", "content_type": 4, "codename": "view_user"}}, {"model": "auth.permission", "pk": 17, "fields": {"name": "Can add content type", "content_type": 5, "codename": "add_contenttype"}}, {"model": "auth.permission", "pk": 18, "fields": {"name": "Can change content type", "content_type": 5, "codename": "change_contenttype"}}, {"model": "auth.permission", "pk": 19, "fields": {"name": "Can delete content type", "content_type": 5, "codename": "delete_contenttype"}}, {"model": "auth.permission", "pk": 20, "fields": {"name": "Can view content type", "content_type": 5, "codename": "view_contenttype"}}, {"model": "auth.permission", "pk": 21, "fields": {"name": "Can add session", "content_type": 6, "codename": "add_session"}}, {"model": "auth.permission", "pk": 22, "fields": {"name": "Can change session", "content_type": 6, "codename": "change_session"}}, {"model": "auth.permission", "pk": 23, "fields": {"name": "Can delete session", "content_type": 6, "codename": "delete_session"}}, {"model": "auth.permission", "pk": 24, "fields": {"name": "Can view session", "content_type": 6, "codename": "view_session"}}, {"model": "auth.permission", "pk": 25, "fields": {"name": "Can add status", "content_type": 7, "codename": "add_status"}}, {"model": "auth.permission", "pk": 26, "fields": {"name": "Can change status", "content_type": 7, "codename": "change_status"}}, {"model": "auth.permission", "pk": 27, "fields": {"name": "Can delete status", "content_type": 7, "codename": "delete_status"}}, {"model": "auth.permission", "pk": 28, "fields": {"name": "Can view status", "content_type": 7, "codename": "view_status"}}, {"model": "auth.permission", "pk": 29, "fields": {"name": "Can add type", "content_type": 8, "codename": "add_type"}}, {"model": "auth.permission", "pk": 30, "fields": {"name": "Can change type", "content_type": 8, "codename": "change_type"}}, {"model": "auth.permission", "pk": 31, "fields": {"name": "Can delete type", "content_type": 8, "codename": "delete_type"}}, {"model": "auth.permission", "pk": 32, "fields": {"name": "Can view type", "content_type": 8, "codename": "view_type"}}, {"model": "auth.permission", "pk": 33, "fields": {"name": "Can add issue", "content_type": 9, "codename": "add_issue"}}, {"model": "auth.permission", "pk": 34, "fields": {"name": "Can change issue", "content_type": 9, "codename": "change_issue"}}, {"model": "auth.permission", "pk": 35, "fields": {"name": "Can delete issue", "content_type": 9, "codename": "delete_issue"}}, {"model": "auth.permission", "pk": 36, "fields": {"name": "Can view issue", "content_type": 9, "codename": "view_issue"}}, {"model": "auth.user", "pk": 1, "fields": {"password": "pbkdf2_sha256$720000$T8SlPHd56sCfgqmsG5OIOa$bJYiTKPXej1L6WUMdXEliEyVzZgY7VArg2YG+90cLHI=", "last_login": null, "is_superuser": true, "username": "nurtai", "first_name": "", "last_name": "", "email": "kusbekovnurtaj@gmail.com", "is_staff": true, "is_active": true, "date_joined": "2024-07-11T12:49:04.094Z", "groups": [], "user_permissions": []}}, {"model": "contenttypes.contenttype", "pk": 1, "fields": {"app_label": "admin", "model": "logentry"}}, {"model": "contenttypes.contenttype", "pk": 2, "fields": {"app_label": "auth", "model": "permission"}}, {"model": "contenttypes.contenttype", "pk": 3, "fields": {"app_label": "auth", "model": "group"}}, {"model": "contenttypes.contenttype", "pk": 4, "fields": {"app_label": "auth", "model": "user"}}, {"model": "contenttypes.contenttype", "pk": 5, "fields": {"app_label": "contenttypes", "model": "contenttype"}}, {"model": "contenttypes.contenttype", "pk": 6, "fields": {"app_label": "sessions", "model": "session"}}, {"model": "contenttypes.contenttype", "pk": 7, "fields": {"app_label": "issues", "model": "status"}}, {"model": "contenttypes.contenttype", "pk": 8, "fields": {"app_label": "issues", "model": "type"}}, {"model": "contenttypes.contenttype", "pk": 9, "fields": {"app_label": "issues", "model": "issue"}}]